Key,University Name,Building Name,Square Feet,Type
238,"University of California, Berkeley",Sutardja Dai Hall,141000,Laboratory
249,"University of California, Berkeley",Davis Hall,140090,Laboratory
222,"University of California, Berkeley",Hildebrand Hall,135129,Laboratory
275,"University of California, Berkeley",Lawrence Hall of Science,131464,Classroom
282,"University of California, Berkeley",McCone Hall,125731,Laboratory
216,"University of California, Berkeley",Energy Biosciences Building,124175,Laboratory
180,"University of California, Berkeley",Tan Hall,118376,Laboratory
176,"University of California, Berkeley",Soda Hall,110565,Laboratory
245,"University of California, Berkeley",Birge Hall,97032,Laboratory
288,"University of California, Berkeley",Mulford Hall,93484,Laboratory
224,"University of California, Berkeley",Barker Hall,88161,Laboratory
194,"University of California, Berkeley",Campbell Hall,81600,Laboratory
270,"University of California, Berkeley",Hilgard Hall,77507,Laboratory
277,"University of California, Berkeley",Le Conte hall,69730,Laboratory
279,"University of California, Berkeley",Lewis Hall,68146,Laboratory
191,"University of California, Berkeley",Eshleman Hall,64800,Classroom
178,"University of California, Berkeley",Stephens Hall,59548,Classroom
287,"University of California, Berkeley",Morgan Hall,57714,Laboratory
290,"University of California, Berkeley",N.A.F,52845,Laboratory
267,"University of California, Berkeley",Haviland Hall,51200,Classroom
233,"University of California, Berkeley",Bechtel Engineering Center,49490,Laboratory
193,"University of California, Berkeley",McLaughlin Hall,49388,Classroom
186,"University of California, Berkeley",Moses Hall,40895,Classroom
239,"University of California, Berkeley",Calvin Laboratory,37907,Laboratory
283,"University of California, Berkeley",Anna Head Complex,35000,Classroom
